n_balls,p
1,0.002139745568962195
2,0.03310151863806233
3,0.07632873646782333
4,0.12562450937265365
5,0.1601471608550193
6,0.16711449971667286
7,0.14785311978084398
8,0.11364519330308274
9,0.07726239270030764
10,0.04710567149191701
11,0.026038996463236853
12,0.013167265612779547
13,0.006136287648881201
14,0.0026519925601796905
15,0.0010686163058048234
16,4.033377124529825E-4
17,1.4317772208442887E-4
18,4.797291677039901E-5
19,1.521992902268052E-5
